{
  "name": "Product Listing Layout",
  "description": "Product Listing Grid Layout",
  "group": "dynamic",
  "attribute_definition_groups": [
    {
      "id": "productList",
      "name": "Settings",
      "description": "Product List Settings",
      "attribute_definitions": [
        {
          "id": "category",
          "name": "Category",
          "type": "category",
          "required": true,
          "dynamic_lookup":{
              "aspect_attribute_alias": "category"
          }
        }
      ]
    },
    {
      "id": "promotionalContent",
      "name": "Promotional Content",
      "description": "Promotional Content Settings",
      "attribute_definitions": [
        {
          "id": "displayFormat",
          "name": "Display Content",
          "type": "custom",
          "required": false,
          "editor_definition": {
          "type": "custom.tileDisplayFormat"
          }
        }
      ]
    }
  ],
  "region_definitions": [
    {
      "id": "gridRegion1",
      "name": "Grid Region 1"
    },
    {
      "id": "gridRegion2",
      "name": "Grid Region 2"
    },
    {
      "id": "gridRegion3",
      "name": "Grid Region 3"
    },
    {
      "id": "gridRegion4",
      "name": "Grid Region 4"
    },
    {
      "id": "gridRegion5",
      "name": "Grid Region 5"
    },
    {
      "id": "gridRegion6",
      "name": "Grid Region 6"
    },
    {
      "id": "gridRegion7",
      "name": "Grid Region 7"
    },
    {
      "id": "gridRegion8",
      "name": "Grid Region 8"
    },
    {
      "id": "gridRegion9",
      "name": "Grid Region 9"
    },
    {
      "id": "gridRegion10",
      "name": "Grid Region 10"
    },
    {
      "id": "gridRegion11",
      "name": "Grid Region 11"
    },
    {
      "id": "gridRegion12",
      "name": "Grid Region 12"
    }
  ]
}
